{"Timing_Stats/Train_Train_Batch":1.5974467317263286,"Train/Log_Likelihood":29.51354808807373,"Train/Policy_Grad_Norms":10000.000556825205,"_step":1,"_runtime":129.880530263,"Timing_Stats/Train_Epoch":1.6193525950113932,"_wandb":{"runtime":129},"Timing_Stats/Train_Process_Batch":0.003935309251149496,"Timing_Stats/Train_Log_Info":9.234746297200521e-06,"System/RAM Usage (MB)":5734,"_timestamp":1.7430221686461546e+09,"Train/Loss":-29.51354808807373,"Train/Optimizer/policy0_lr":5.5e-08,"Timing_Stats/Train_Data_Loading":0.01669776439666748}