{"_runtime":37.218035809,"_step":0,"_wandb":{"runtime":37},"System/RAM Usage (MB)":3789,"_timestamp":1.743022239472887e+09}