{"Train/Policy_Grad_Norms":9999.999132543804,"_wandb":{"runtime":124},"_runtime":124.655722962,"Timing_Stats/Train_Log_Info":4.049142201741537e-06,"Train/Optimizer/policy0_lr":8e-08,"Timing_Stats/Train_Train_Batch":0.8278903762499491,"System/RAM Usage (MB)":5716,"Timing_Stats/Train_Process_Batch":0.0017904520034790039,"_step":2,"Timing_Stats/Train_Epoch":0.8465373913447062,"Timing_Stats/Train_Data_Loading":0.015203905105590821,"Train/Log_Likelihood":29.85077896118164,"Train/Loss":-29.85077896118164,"_timestamp":1.7430251631817083e+09}