{"_timestamp":1.7430296907797039e+09,"_runtime":43.689335582,"_wandb":{"runtime":43},"_step":0,"System/RAM Usage (MB)":3595}