{"Timing_Stats/Train_Epoch":1.5783100446065268,"Timing_Stats/Train_Data_Loading":0.011308284600575765,"Train/Log_Likelihood":29.513552093505858,"Train/Optimizer/policy0_lr":5.5e-08,"Timing_Stats/Train_Process_Batch":0.0037224411964416502,"Train/Loss":-29.513552093505858,"System/RAM Usage (MB)":5727,"Train/Policy_Grad_Norms":9999.999631307468,"Timing_Stats/Train_Log_Info":8.83340835571289e-06,"Timing_Stats/Train_Train_Batch":1.5610118746757506,"_timestamp":1.7430231379540176e+09,"_wandb":{"runtime":123},"_runtime":123.04240103,"_step":1}