{"Train/Policy_Grad_Norms":9999.999569556618,"Timing_Stats/Train_Data_Loading":0.012181878089904785,"_step":1,"Timing_Stats/Train_Log_Info":0.00015704234441121418,"Train/Loss":-29.513581657409667,"_runtime":67.428308674,"_wandb":{"runtime":67},"System/RAM Usage (MB)":4322,"Timing_Stats/Train_Train_Batch":0.731890881061554,"Train/Log_Likelihood":29.513581657409667,"Timing_Stats/Train_Epoch":0.7498508969942729,"Train/Optimizer/policy0_lr":5.5e-08,"_timestamp":1.7431728814829621e+09,"Timing_Stats/Train_Process_Batch":0.0038718223571777345}