{"_step":1,"Train/Log_Likelihood":29.51354389190674,"Train/Policy_Grad_Norms":9999.999602398702,"Timing_Stats/Train_Process_Batch":0.003930707772572835,"_timestamp":1.7430263556064596e+09,"Timing_Stats/Train_Epoch":0.8534279902776082,"Train/Optimizer/policy0_lr":5.5e-08,"Timing_Stats/Train_Data_Loading":0.011376905441284179,"Train/Loss":-29.51354389190674,"System/RAM Usage (MB)":4752,"_wandb":{"runtime":80},"Timing_Stats/Train_Log_Info":9.202957153320313e-06,"Timing_Stats/Train_Train_Batch":0.8368103901545206,"_runtime":80.325962026}