{"_wandb":{"runtime":29},"_timestamp":1.743025856340073e+09,"_runtime":29.98136797,"_step":0,"System/RAM Usage (MB)":3771}