{"_wandb":{"runtime":29},"System/RAM Usage (MB)":3345,"_timestamp":1.7430260229052305e+09,"_runtime":29.749499759,"_step":0}