{"Train/Policy_Grad_Norms":10000.000631487876,"Timing_Stats/Train_Epoch":1.5999366124471028,"Train/Log_Likelihood":29.513539695739745,"Timing_Stats/Train_Log_Info":1.1773904164632161e-05,"_wandb":{"runtime":127},"Timing_Stats/Train_Process_Batch":0.0040024518966674805,"Timing_Stats/Train_Train_Batch":1.5830214579900106,"Timing_Stats/Train_Data_Loading":0.011933624744415283,"_step":1,"Train/Optimizer/policy0_lr":5.5e-08,"_runtime":127.44660142,"Train/Loss":-29.513539695739745,"_timestamp":1.7430225010869603e+09,"System/RAM Usage (MB)":5712}