{"_step":1,"System/RAM Usage (MB)":5712,"Timing_Stats/Train_Log_Info":1.2151400248209636e-05,"Timing_Stats/Train_Process_Batch":0.0038495898246765138,"Timing_Stats/Train_Data_Loading":0.017070114612579346,"Timing_Stats/Train_Epoch":1.8434351404507956,"_runtime":141.010238943,"Train/Optimizer/policy0_lr":5.5e-08,"_wandb":{"runtime":141},"_timestamp":1.743021854114443e+09,"Train/Log_Likelihood":29.513546562194826,"Timing_Stats/Train_Train_Batch":1.8213369051615398,"Train/Loss":-29.513546562194826,"Train/Policy_Grad_Norms":10000.001214414213}