{"System/RAM Usage (MB)":4739,"_step":1,"_timestamp":1.7430298234846127e+09,"_wandb":{"runtime":67},"Timing_Stats/Train_Train_Batch":0.8123574614524841,"Train/Policy_Grad_Norms":9999.999631308207,"Train/Loss":-29.513552093505858,"Train/Log_Likelihood":29.513552093505858,"Timing_Stats/Train_Process_Batch":0.003677674134572347,"_runtime":67.9884748,"Timing_Stats/Train_Log_Info":8.980433146158854e-06,"Timing_Stats/Train_Data_Loading":0.011558826764424641,"Timing_Stats/Train_Epoch":0.8295194427172343,"Train/Optimizer/policy0_lr":5.5e-08}