{"Timing_Stats/Train_Epoch":0.4506592988967896,"Timing_Stats/Train_Log_Info":4.291534423828125e-06,"Train/Loss":-29.85077896118164,"Train/Optimizer/policy0_lr":8e-08,"Timing_Stats/Train_Data_Loading":0.01080791155497233,"Train/Log_Likelihood":29.85077896118164,"System/RAM Usage (MB)":4708,"_step":2,"_timestamp":1.7430256499342535e+09,"_wandb":{"runtime":82},"Timing_Stats/Train_Process_Batch":0.0018218358357747395,"Timing_Stats/Train_Train_Batch":0.4362728555997213,"Train/Policy_Grad_Norms":9999.999132542267,"_runtime":82.460412792}