{"Timing_Stats/Train_Epoch":0.4663252592086792,"Timing_Stats/Train_Train_Batch":0.4521371285120646,"Train/Loss":-29.850815200805663,"Timing_Stats/Train_Log_Info":4.5498212178548174e-06,"_runtime":84.425266175,"Train/Optimizer/policy0_lr":8e-08,"_step":2,"Timing_Stats/Train_Process_Batch":0.0018316745758056641,"Timing_Stats/Train_Data_Loading":0.010355440775553386,"_wandb":{"runtime":84},"_timestamp":1.7430261339724667e+09,"Train/Policy_Grad_Norms":9999.999876693613,"System/RAM Usage (MB)":4755,"Train/Log_Likelihood":29.850815200805663}