{"_step":0,"_wandb":{"runtime":51},"System/RAM Usage (MB)":3771,"_timestamp":1.74302592822838e+09,"_runtime":51.383762186}