{"_wandb":{"runtime":34},"_runtime":34.749018416,"_step":0,"System/RAM Usage (MB)":3697,"_timestamp":1.7431729569327354e+09}