{"_wandb":{"runtime":190},"Train/Optimizer/policy0_lr":5.5e-08,"Timing_Stats/Train_Train_Batch":0.8681410193443299,"Train/Loss":-30.373410034179688,"Train/Policy_Grad_Norms":9999.999153691246,"_step":1,"Train/Log_Likelihood":30.373410034179688,"Timing_Stats/Train_Log_Info":3.505150477091472e-05,"System/RAM Usage (MB)":7082,"Timing_Stats/Train_Process_Batch":0.0027876933415730792,"Timing_Stats/Train_Data_Loading":0.010590815544128418,"Timing_Stats/Train_Epoch":0.8962466597557068,"_timestamp":1.7430336628648553e+09,"_runtime":190.302379956}