{"_runtime":28.064076295,"_step":0,"_wandb":{"runtime":28},"System/RAM Usage (MB)":3755,"_timestamp":1.743173036711602e+09}