{"_runtime":119.041760098,"_step":1,"Train/Log_Likelihood":29.513552093505858,"Timing_Stats/Train_Epoch":1.5488467653592428,"System/RAM Usage (MB)":5732,"Timing_Stats/Train_Data_Loading":0.015459962685902913,"_wandb":{"runtime":119},"Train/Policy_Grad_Norms":9999.999631305931,"Timing_Stats/Train_Train_Batch":1.5282696604728698,"Timing_Stats/Train_Process_Batch":0.0038170059521993,"Train/Loss":-29.513552093505858,"_timestamp":1.7430233179830663e+09,"Timing_Stats/Train_Log_Info":8.26120376586914e-06,"Train/Optimizer/policy0_lr":5.5e-08}