{"Timing_Stats/Train_Train_Batch":1.7654508511225382,"Timing_Stats/Train_Process_Batch":0.006805725892384847,"Train/Optimizer/policy0_lr":5.5e-08,"_wandb":{"runtime":264},"_runtime":264.081864308,"Train/Loss":-30.373412322998046,"Timing_Stats/Train_Data_Loading":0.010948379834493002,"_timestamp":1.7430214487161815e+09,"Train/Log_Likelihood":30.373412322998046,"System/RAM Usage (MB)":8086,"Train/Policy_Grad_Norms":9999.999769918852,"Timing_Stats/Train_Epoch":1.8062666535377503,"Timing_Stats/Train_Log_Info":9.930133819580078e-06,"_step":1}