{"_timestamp":1.7430268709996529e+09,"_runtime":52.821729629000004,"_step":0,"_wandb":{"runtime":52},"System/RAM Usage (MB)":3778}