{"Train/Log_Likelihood":29.51357231140137,"Timing_Stats/Train_Data_Loading":0.015843931833902994,"Timing_Stats/Train_Epoch":1.5935422380765278,"Train/Optimizer/policy0_lr":5.5e-08,"Timing_Stats/Train_Process_Batch":0.004476487636566162,"System/RAM Usage (MB)":5733,"Train/Policy_Grad_Norms":10000.000723845535,"_timestamp":1.7430249481404161e+09,"Train/Loss":-29.51357231140137,"Timing_Stats/Train_Train_Batch":1.5677138447761536,"_wandb":{"runtime":124},"_step":1,"_runtime":124.92694723,"Timing_Stats/Train_Log_Info":8.881092071533203e-06}